Дата;Должность;Зарплата;Город
18 марта 2024;Слесарь по КИПиА;не указано;Новокузнецк
18 марта 2024;Главный специалист по технологическим трубопроводам;не указано;Качканар
18 марта 2024;Вальцовщик стана горячей прокатки;не указано;Нижний Тагил
18 марта 2024;Электромонтер по ремонту и обслуживанию электрооборудования;не указано;Нижний Тагил
18 марта 2024;Газовщик коксовых печей;не указано;Нижний Тагил
18 марта 2024;Люковой;не указано;Нижний Тагил
18 марта 2024;Инженер по механическим средствам измерений;не указано;Новокузнецк
18 марта 2024;Инженер-конструктор;не указано;Новокузнецк
15 марта 2024;Мастер отдела технического контроля;не указано;Новомосковск (Тульская область)
15 марта 2024;Менеджер по привлечению ключевых клиентов;не указано;Москва
15 марта 2024;Ведущий специалист по сметному нормированию;не указано;Новокузнецк
15 марта 2024;Менеджер по управлению качеством сервисов и взаимодействию с клиентами;не указано;Новокузнецк
15 марта 2024;Ведущий юрисконсульт департамента социально-трудовой практики;не указано;Междуреченск
15 марта 2024;Главный специалист по МТО;не указано;Новокузнецк
15 марта 2024;Машинист буровой установки;не указано;Шерегеш
14 марта 2024;Менеджер по персоналу (HR служба);не указано;Новокузнецк
14 марта 2024;Слесарь-ремонтник 5-6 разряда (вахта);не указано;Пермь
14 марта 2024;Слесарь-ремонтник 5-6 разряда (вахта);не указано;Томск
14 марта 2024;Слесарь-ремонтник 5-6 разряда (вахта);не указано;Оренбург
14 марта 2024;Слесарь-ремонтник 5-6 разряда (вахта);не указано;Миасс
14 марта 2024;Слесарь-ремонтник 5-6 разряда (вахта);не указано;Уфа
14 марта 2024;Слесарь-ремонтник 5-6 разряда (вахта);не указано;Волгоград
14 марта 2024;Слесарь-ремонтник 5-6 разряда (вахта);не указано;Медногорск
14 марта 2024;Директор по проектированию и развитию продукта (модульные здания);не указано;Москва
14 марта 2024;Ведущий инженер;не указано;Новокузнецк
14 марта 2024;Инженер-инспектор;не указано;Качканар
14 марта 2024;Главный специалист по КИПиА, АСУТП;не указано;Качканар
